date,nepal_mean_mm,nepal_max_mm,nepal_p95_mm,corridor_mean_mm,cells_over_50mm,cells_over_100mm,nepal_cells
2025-07-01,6.62647008895874,93.50498962402344,20.511249542236328,9.442541122436523,4,0,1354
2025-07-02,8.240519523620605,89.45499420166016,25.45674705505371,29.713333129882812,13,0,1354
2025-07-03,15.22321605682373,91.4849853515625,55.88774490356445,18.11246109008789,90,0,1354
2025-07-04,10.510472297668457,75.44497680664062,35.45125198364258,17.256507873535156,18,0,1354
2025-07-05,0.8845716118812561,15.240001678466797,4.368499755859375,1.8265870809555054,0,0,1354
2025-07-06,4.134981155395508,80.6199951171875,19.52324867248535,10.78991985321045,13,0,1354
2025-07-07,4.919667720794678,140.11001586914062,22.985750198364258,1.8423807621002197,13,3,1354
2025-07-08,17.05209732055664,119.76498413085938,53.600250244140625,18.964523315429688,86,4,1354
2025-07-09,12.147953987121582,84.62499237060547,43.65675354003906,5.019127368927002,51,0,1354
2025-07-10,1.8496934175491333,33.10499954223633,7.151750564575195,3.324523687362671,0,0,1354
2025-07-11,1.3474667072296143,33.52000045776367,5.963999271392822,2.7223808765411377,0,0,1354
2025-07-12,6.062138080596924,67.16500091552734,24.342500686645508,7.897301197052002,9,0,1354
2025-07-13,10.351827621459961,72.4949951171875,30.01249885559082,9.693412780761719,8,0,1354
2025-07-14,8.689542770385742,70.33999633789062,26.594249725341797,8.624762535095215,8,0,1354
2025-07-15,7.105709075927734,75.18000030517578,21.766998291015625,5.864682197570801,2,0,1354
2025-07-16,7.097950458526611,59.70000457763672,24.441999435424805,2.4628570079803467,2,0,1354
2025-07-17,3.00100040435791,27.619998931884766,9.816998481750488,4.463730335235596,0,0,1354
2025-07-18,1.4173152446746826,29.075000762939453,6.115499973297119,1.0908730030059814,0,0,1354
2025-07-19,32.26627731323242,190.635009765625,116.61700439453125,30.99825668334961,339,112,1354
2025-07-20,19.509029388427734,99.989990234375,53.0527458190918,12.733175277709961,84,0,1354
2025-07-21,5.33645486831665,45.66499710083008,17.419998168945312,11.690316200256348,0,0,1354
2025-07-22,10.732636451721191,115.25498962402344,46.53074645996094,6.540158271789551,56,2,1354
2025-07-23,2.036724328994751,35.13999557495117,8.675748825073242,5.2841267585754395,0,0,1354
2025-07-24,5.647463321685791,58.06499481201172,20.666749954223633,2.150714159011841,1,0,1354
2025-07-25,6.866565704345703,68.08000946044922,22.144500732421875,17.9180965423584,3,0,1354
2025-07-26,5.538570404052734,97.99999237060547,20.526248931884766,4.301031112670898,12,0,1354
2025-07-27,18.335674285888672,112.89498901367188,51.17374801635742,63.55754089355469,74,6,1354
2025-07-28,19.64918327331543,89.33499145507812,42.88199996948242,41.033416748046875,28,0,1354
2025-07-29,6.388057231903076,50.36499786376953,19.100248336791992,6.485078811645508,1,0,1354
2025-07-30,5.819870948791504,59.83500671386719,18.69325065612793,13.222064018249512,2,0,1354
2025-07-31,3.3457493782043457,111.69998168945312,12.423249244689941,2.1309523582458496,3,1,1354
2025-08-01,4.95796537399292,72.70500183105469,19.83650016784668,5.668333053588867,5,0,1354
2025-08-02,19.754968643188477,90.11499786376953,57.59624481201172,18.857934951782227,121,0,1354
2025-08-03,11.671481132507324,87.2699966430664,36.81974411010742,11.254839897155762,17,0,1354
2025-08-04,5.509176254272461,35.834999084472656,17.403749465942383,4.575159549713135,0,0,1354
2025-08-05,8.171000480651855,43.73500061035156,25.913999557495117,2.636586904525757,0,0,1354
2025-08-06,3.4000000953674316,80.99999237060547,16.756752014160156,1.948015809059143,2,0,1354
2025-08-07,19.734081268310547,78.19001007080078,51.33274841308594,24.33555793762207,74,0,1354
2025-08-08,14.710793495178223,101.30000305175781,37.94499969482422,10.045477867126465,36,1,1354
2025-08-09,4.460032939910889,48.214988708496094,11.69749927520752,3.493333578109741,0,0,1354
2025-08-10,11.6613187789917,74.63500213623047,33.695499420166016,7.228332996368408,14,0,1354
2025-08-11,18.92804527282715,69.27498626708984,45.670494079589844,16.815475463867188,52,0,1354
2025-08-12,23.743188858032227,107.62498474121094,55.715248107910156,19.66357421875,87,7,1354
2025-08-13,16.232181549072266,122.8699951171875,42.68275451660156,19.76976203918457,52,7,1354
2025-08-14,3.6226069927215576,87.77999877929688,14.570250511169434,5.240634918212891,3,0,1354
2025-08-15,3.8537371158599854,47.92500686645508,14.769749641418457,7.666428565979004,0,0,1354
2025-08-16,10.098379135131836,118.06500244140625,33.23225021362305,8.755395889282227,23,3,1354
2025-08-17,13.318458557128906,103.06497192382812,35.44775390625,17.697696685791016,24,1,1354
2025-08-18,4.490165710449219,36.7650032043457,14.748748779296875,12.427539825439453,0,0,1354
2025-08-19,5.460930347442627,50.5050048828125,18.77174949645996,15.912221908569336,1,0,1354
2025-08-20,5.181713581085205,73.42999267578125,21.185251235961914,9.000714302062988,5,0,1354
2025-08-21,21.30512046813965,114.00999450683594,66.35074615478516,25.076190948486328,160,11,1354
2025-08-22,15.788514137268066,128.72499084472656,57.989994049072266,43.5957145690918,104,3,1354
2025-08-23,3.376558303833008,52.93999481201172,13.733748435974121,4.266110420227051,1,0,1354
2025-08-24,2.536233425140381,37.04999542236328,10.891249656677246,6.286031723022461,0,0,1354
2025-08-25,2.020420789718628,56.15999221801758,7.975999355316162,5.589205741882324,1,0,1354
2025-08-26,4.484372138977051,49.315006256103516,14.639749526977539,10.293094635009766,0,0,1354
2025-08-27,15.837492942810059,90.61000061035156,51.79399871826172,31.243886947631836,80,0,1354
2025-08-28,24.245952606201172,146.4499969482422,77.23300170898438,50.031585693359375,172,23,1354
2025-08-29,15.223669052124023,65.91499328613281,35.69150161743164,23.052457809448242,15,0,1354
2025-08-30,14.488076210021973,104.94998931884766,48.834747314453125,28.418968200683594,64,2,1354
2025-08-31,8.772554397583008,129.5500030517578,30.884248733520508,6.0403971672058105,36,4,1354
